-0.10217540787308445;4.6451140605299e-05;-7.793521132727962e-06;1.166131326499125e-06;-9.872348724965586e-07;3.2549095812465754e-07;-2.895604767495587e-07;-0.00377115370323061;-0.00021853454491098032;-8.320639858056467e-05;-4.634428918046813e-05;-1.601038043670939e-05;-1.5918082959518828e-05;9.738664227405124e-06;0.000275203596806561;-5.502235452724756e-05;3.9546746424388245e-05;4.561374809605265e-06;1.1769448154415894e-05;1.0408693855125654e-05;1.064646820503787;-0.020901061336063093;0.006094887556611817;-0.009297150528776674;0.002095649282327897;-0.009037391987562109;0.0006525063307710084;0.04186896970041268;-0.011103261286022159;0.010320359636019205;-0.003073804461184781;0.0084517053706877;-0.0011256530377914457;0.01738809985599887;1.6954428543157873e-05;-2.974622845590339e-06;3.1337423311569365e-07;-2.926186274061015e-07;5.957027966933454e-08;-8.034892768799706e-08;0.026676398370236845;-2.830216354917622e-06;1.3632931797532218e-06;-9.194189465867465e-08;1.6337380496505626e-07;-2.2056720392235127e-08;4.7995857399041264e-08;0.04221404584971016;0.001145561257134554;-0.000373880207339072;0.00014935334563231833;0.0002593145551587712;0.00010016684151889184;-5.689660278488492e-05;0.0033696503631130623;-0.0004828184883035974;2.1239437333242016e-05;-1.639339203393381e-05;5.22695200512974e-05;-3.643118384893717e-05;-0.07057416812463904;2.078930610266054e-05;1.5263074705950637e-05;-1.8326011881618378e-06;1.3302691896538728e-07;-1.219285959767324e-07;7.60339309107432e-08;-0.00018513888702911038;-9.392486516010606e-08;2.3079498134011566e-07;9.296200054548686e-08;-1.1240256860878337e-07;5.990168627533803e-09;1.286307893190447e-08;9.60267745155415e-05;9.981316831199407e-06;1.207494742121242e-07;1.6479407557409366e-06;-2.130360829259562e-09;1.8861107854702329e-07;-0.3140917587343211;5.635780309382454e-05;-2.665586861726811e-05;-6.241244268507218e-06;-1.6755318557327813e-06;-4.811284744600096e-07;-4.843599661457409e-07;-0.0002720543176783601;-3.9358209481410166e-07;-1.080699297256684e-06;1.2414021197315173e-07;-1.674869273680098e-07;2.518501677939264e-08;-6.033113028319632e-08;-0.003871444672774897;-0.0009511693594419643;-1.814536745641085e-05;0.00011274700889669409;5.543807979260798e-07;-5.945143093447996e-05
0.013762074004274384;-1.7525556446255937e-05;-1.911482660235624e-06;-8.10028931013044e-07;-3.152023205111161e-07;-1.6553167497717976e-07;-8.043720137623959e-08;0.005069109177430423;0.0004439602119431974;0.00010146149062446369;6.515557524998324e-05;3.530508280484655e-05;3.269187590301759e-05;1.7512622808766776e-05;0.0009833204594162622;7.589270168644718e-05;0.00013904652247184406;2.0210347854441525e-05;5.144759013010098e-05;1.091827436985832e-05;-0.051949815648923314;0.014707794925485296;-0.010671964801509523;0.003516829303720494;-0.00830030948061237;0.0013067421668340924;-0.013044671170834791;-0.03613778806742955;0.013720364168482027;-0.00476207642231052;0.008512553563568866;-0.0017288822397530654;0.009645550379484398;-0.0003894280364153255;-6.282407750733686e-06;1.1701554681877269e-07;-1.3032339485690702e-07;1.2884202880549586e-08;-2.5831689006124428e-08;3.6402597057810734e-09;0.003566241954867081;-1.0679686706533231e-05;6.42154503199646e-07;-4.780540411856941e-07;8.999150983766527e-08;-1.102912093084016e-07;2.68872928797983e-08;-0.03670561585436406;-0.0004743597478817588;0.00035244664942942047;-0.0002466149827028027;-0.00025110847265978045;-5.656507847164023e-05;5.5489888737930875e-05;-0.00911316871117488;-0.000942005106952013;0.0002724366505827636;-0.00013530793395095727;-0.00022661121620925128;-9.110971092406296e-05;0.004769708143642517;-4.7180339190852454e-05;4.409852107239156e-07;1.0055406809664349e-06;-2.521585106058812e-07;2.2734821135852623e-07;-1.2585091324558922e-07;4.414153071466191e-05;7.780322614907394e-07;-6.688822220078406e-07;7.268513034095705e-08;3.357099186702157e-08;6.9521258417957435e-09;-3.918233188859685e-08;1.6529769291999726e-33;-5.084438169327524e-06;2.5831297063653956e-05;5.459274253637285e-07;1.3622665289702028e-33;-9.188534501605086e-08;0.03308387832419267;4.852718278391599e-05;2.827250311684553e-06;-1.0758693524057094e-06;-6.83171499471188e-07;-2.453512447929755e-07;-3.481897478896807e-07;0.0004962619304240577;-6.877545584111375e-05;-2.0524173294050966e-06;-1.807269140187684e-06;7.310199802789482e-07;-5.423152271466397e-07;3.2548688695378257e-07;0.004733162559454673;-0.0002515784292058843;-0.0009941048103264182;5.70264628314544e-05;0.00023112803182028728;-1.464981598740541e-05
0.001649346271892995;9.547539538133163e-06;-8.881171484453757e-07;4.924899946337624e-07;-1.243222103127404e-07;1.3206438428843206e-07;-3.87975526626923e-08;0.001813905802134594;-0.00027515794799225755;8.545795492097502e-05;-3.5887726563536004e-05;3.342203586230106e-05;-1.3605805566242394e-05;4.544480812060267e-05;-0.0011774344132232174;-5.051972838000881e-05;-0.0001107672179464806;-9.018569376509271e-06;-3.491097926896126e-05;7.589850845609399e-06;0.02537374601300979;-0.01730034800522495;0.0051514875241761605;-0.008929309799442064;0.0018536689927893077;-0.009161627989807195;0.0005194867442598456;0.046503276736305096;-0.008115072950594552;0.010327362327800927;-0.002547173656512854;0.008601600405506959;-0.0009090112397266714;0.022872957993357992;1.949281710896998e-05;-4.8616666107832854e-06;4.814329071711998e-07;-5.439676140601788e-07;9.786415037685699e-08;-1.5530464730237267e-07;0.0012174549962961022;-1.7708300308603482e-06;8.160479108700444e-07;-9.201657798498463e-08;1.1326659319689662e-07;-2.175166553156168e-08;3.51238960147702e-08;0.010324984929188725;-0.00026854081076792036;6.563697266593988e-05;-0.00011366464709046434;6.847649050520476e-05;-1.4049245536984376e-05;1.0459557484293118e-05;0.0073775675623823445;0.0005323480259420369;-0.0002497395833095777;0.00021570998159970583;0.00022039079749292713;5.231312048796999e-05;0.0;4.2307430635079604e-05;-8.091821694154989e-22;7.107544622008455e-06;1.2143412266711682e-22;1.4149802816965558e-06;-7.508973195385012e-22;7.232822480002793e-05;2.65779546207581e-07;-2.979415909627819e-08;-1.3541194557547365e-08;3.671421260920812e-08;1.3863594758158795e-08;-1.4715789994894882e-09;-2.4715625663660637e-05;1.3995302408826095e-05;-9.148129343856378e-07;5.110789658457674e-07;6.901532516715111e-08;4.767585993296878e-07;0.0017498432896676376;6.935534833967865e-06;-3.6960920052732634e-07;4.811918153588253e-07;-6.28874809984989e-08;1.036979774529613e-07;-1.3459176093141268e-08;2.806202764346012e-05;1.1156376534736143e-05;-9.692865548809854e-06;-6.543293606800231e-07;-1.9461850952656816e-06;-1.2299709960830655e-07;-4.2088050444759346e-07;0.0011776346092141387;0.00047875764941858717;0.00014417747463608792;-0.00010864573022486075;-1.8465669614822866e-05;5.1257404940275316e-05
0.002175490454707824;-2.9892436170608228e-05;3.3460467748338246e-06;-1.97771651039577e-06;4.4045380411611793e-07;-4.4821098368204065e-07;1.644030132168473e-07;-0.002113515863259952;-0.000283149108397127;-7.058546962405911e-05;-3.168214383655109e-05;-2.3994504820415756e-05;-4.181278724872935e-06;-9.734329493476267e-06;0.0003374522204115562;7.448011568098503e-05;-7.921496452664447e-06;1.815224032514608e-05;7.75174752567347e-06;8.35728149815635e-06;-0.09776927525256125;0.011355815721502962;-0.011094179956603868;0.003096946153947605;-0.008536726737280674;0.0011415614167106152;-0.014775918247051286;-0.033950469399454716;0.0136353068395482;-0.004702500819372218;0.008584642871071866;-0.001715281253404314;0.010090827817445393;-0.0003187631967990956;-1.947712771622966e-05;8.917312980373852e-07;-6.038888867943619e-07;1.0411466560068782e-07;-1.2636812355186463e-07;3.01739610906127e-08;-0.0008339275382203163;5.269638664949913e-06;-2.43431161812181e-07;3.309594790268607e-07;-3.425124902322683e-08;7.48533193546803e-08;-1.1492266459656656e-08;0.008947786556123931;-0.00104034319692824;0.00029913210332298685;0.00037974813218981125;0.000140852527962633;-7.335195964962673e-05;3.89068542796227e-05;-0.0011103994026450095;2.6152863242912732e-05;-2.431554709469849e-05;7.518332499753809e-05;-5.1227209378552564e-05;7.629427874826793e-06;-0.0014575161546395905;5.2681221987412995e-05;4.193931909716509e-06;8.466591343407457e-07;-3.366077206678334e-07;6.664509298545068e-08;-1.439663707383322e-07;3.0334146454528743e-06;8.934406089091617e-07;1.0502976518615284e-07;-1.9873388720381206e-07;1.0080803421190294e-08;1.897852320479278e-08;1.2216328238510759e-08;-9.123651105119631e-06;-4.241067104976356e-06;8.022770299931592e-06;2.848052862116172e-07;1.9766822995841784e-07;-7.329072844288598e-08;-0.006113807596525502;-9.296762562791583e-05;1.2485712381691451e-05;-3.803212938744717e-06;-1.1947530331426287e-06;-7.139692822217049e-07;-5.157720252068487e-07;1.2637540370203564e-05;-4.17806946774628e-06;1.4017497086744212e-07;-2.9603097001063054e-07;4.23749513495813e-08;-8.900144890527689e-08;1.6328338404762106e-08;0.0004681585875679221;0.00045078536130928483;0.00043127317114426584;-6.158808774661001e-05;-5.361240076771206e-05;2.3907584925775208e-05
-0.0016656211978321432;-2.3251607324457965e-06;-1.7783635036035161e-06;-4.560887184999351e-07;-2.914218396718905e-07;-1.4756320109814144e-07;-8.851556740416464e-08;0.0011644203103917115;0.000247498964196857;0.00010852490309088523;4.849044541728841e-05;4.0613801424933055e-05;2.2239950811996467e-05;8.114435010806608e-05;0.00014971490485865473;0.0002503074479062822;3.105267139684122e-05;7.229830977409811e-05;1.330484526389752e-05;4.194876572932538e-05;0.07421652034904493;-0.014642298078478966;0.0055303979599130105;-0.00860654264341958;0.0019515831894778635;-0.009335154218731479;0.0005345729118212977;0.023793207196615623;-0.008074101282262047;0.009443550985493345;-0.0025450541112967125;0.008483132969067072;-0.0008936776384729459;0.04491347879576035;7.77754944282877e-07;-3.5231559855384974e-07;2.60614136425857e-08;-4.4730601903170394e-08;5.6976392206175354e-09;-1.3247919934992456e-08;-0.00017227766352585024;2.500038769824538e-06;-1.2151052768287075e-06;1.680813430893085e-07;-1.8185583192453316e-07;4.172351622565688e-08;-5.877147979822774e-08;-0.005629703051701362;0.000987423092868732;-0.0004569108945975408;-0.0003667872577660503;-7.796106870318948e-05;6.983384914526842e-05;-6.593043103881764e-05;-0.003484314435686994;0.0005165296851634408;-0.00020224246505003363;-0.00034083637727300994;-0.00011377617445433613;5.189737452493548e-05;0.00012174967314960813;-4.4857537183106977e-07;-1.3941587138921232e-05;-8.673460569695982e-07;1.099381322606691e-06;-2.2533128977337635e-07;1.2701204758823438e-07;8.4888810794543e-07;-2.544393964804552e-06;2.283783795725887e-07;5.985589386248414e-08;1.1251696072650239e-08;-5.732489843994961e-08;1.0199440083945097e-08;2.3539690897750238e-05;9.210846952871143e-06;8.672611381501261e-07;-1.785088238953572e-34;-1.527107022151376e-07;1.66836466902825e-06;-0.00010722292863580982;4.894753667624616e-06;1.4803689364042535e-05;-2.5789802500558863e-06;-1.183493751608606e-06;-6.372462981452225e-07;-1.374192951440868e-07;0.0003244501219668265;9.157396933671477e-06;-1.592575443854752e-05;1.3056839206070725e-06;-3.740882647208102e-07;5.498569581934805e-07;-1.4062969337715397e-07;0.0006470808548988559;-0.00025319637980418774;7.152025703435344e-05;0.00039726521673241446;-2.0989273383905674e-05;-0.00013758470742785783
0.00024824852268671803;-2.2674630386019404e-06;1.2357566707259285e-06;-2.519453651793943e-07;1.9174642779534204e-07;-5.920901386726231e-08;6.96005070928335e-08;-0.0009439768624249004;0.00021580332015615184;-7.169734730154629e-05;4.4287343277712846e-05;-1.8611466561414586e-05;2.894221852526593e-05;-0.05000468152917417;-0.0003964034515025714;-0.00022074553375314032;-9.914889811322316e-06;-5.2158631367263136e-05;-2.3260252460773135e-07;-2.1488710512976804e-05;-0.053641197623138126;0.009028971722982173;-0.010338439422877863;0.00271897001727254;-0.008455958241924471;0.000989058343872664;-0.017390319221851185;-0.017630591858844677;0.013591215884391354;-0.0038186260882928443;0.008663566394438918;-0.0014240244657871164;0.010631633498133697;0.1349975456787465;-2.6329017151563655e-05;1.2865863337342056e-06;-1.090485377565491e-06;1.6791070777103392e-07;-2.414231220037634e-07;5.0444433732179105e-08;-3.869200040228739e-05;3.045732669491123e-06;-2.193564942517235e-07;2.1813424167511622e-07;-3.533632672544115e-08;5.325833683392321e-08;-1.1624045958561029e-08;0.00045337871710144636;8.636828890909512e-05;-0.00019494849646046566;0.00010731669241499688;-2.3212875390273826e-05;1.5033887183513569e-05;0.32975762410594683;0.0016869701034128376;-0.0004469560850774811;0.00032676545973488777;0.0003303755535798369;6.413995839036387e-05;-5.076595148898248e-05;0.002844050770486495;8.695825795546747e-20;2.170651024951116e-05;-7.535600139254734e-22;1.8909583117512168e-06;4.874669183375193e-22;7.997415543319284e-07;1.5509379506243336e-05;-1.1937801731853445e-07;-3.342117672475295e-08;7.490927817820807e-08;1.891941880593971e-08;-1.9760454719160753e-09;-0.010116809320160092;-5.842119847755504e-05;-8.522113850386527e-06;1.7918464736478712e-06;7.551339399399362e-08;3.6085158807025847e-07;-4.340339289770614e-08;0.0002721421504626732;3.9358209481246e-07;1.0806992972566817e-06;-1.2414021197314628e-07;1.6748692736800982e-07;-2.5185016779392644e-08;6.033113028319629e-08;-0.00018191604585743247;-3.526376215265852e-05;2.287514953528891e-07;-2.0734696572085997e-06;4.035820681738468e-09;-6.605762136010167e-07;0.0178826162137707;-0.0011419992175742777;0.0009682905379330013;-0.00030210317553122103;-1.6883033711796986e-05;3.3505617077701774e-05;1.447643867181845e-05
-0.0009603341005720188;1.933477408836115e-05;-4.2355785605252425e-06;9.501154778382076e-07;-7.607908530300854e-07;2.1668595173685296e-07;-2.425641800378631e-07;-0.00030591759655029143;-0.00016370912594660146;-6.633502089150223e-05;-3.363778783440465e-05;-1.2838161583646816e-05;-1.3911960086199835e-05;0.03092476797224374;0.00019800499180979534;-9.092650177478751e-06;2.90681277626006e-05;1.1179455130375294e-06;1.0897093574241855e-05;1.4981122962087587e-05;0.037513821301885186;-0.015568340819499515;0.004747116920266834;-0.00884555555745886;0.0017289961403696055;-0.009778972230153596;0.000388249381006898;0.024786370316319462;-0.007941094617702734;0.009471577034321723;-0.002521652477463642;0.008670796502303239;-0.0008734620681828593;-0.01902787633871622;4.3903824114495595e-06;-1.5877569024449163e-06;2.0689112133853145e-07;-2.1482004260803488e-07;4.661437617616794e-08;-6.561640443752844e-08;0.00010200247138636481;-1.1549380289878912e-06;7.1180564513358e-07;-6.687667962606905e-08;1.2681972136476326e-07;-1.634209605250309e-08;4.032113200966948e-08;-0.0041352662305585266;0.0005405116346856556;0.000670457038093907;0.00019224031896376788;-9.418302245428786e-05;5.0662700953175254e-05;-0.1572204397501275;0.00041981085677562447;-5.6015053946857396e-05;0.0001218571869592226;-7.333969299211107e-05;8.542901013605597e-06;-6.036558774755949e-06;0.0008797243313307324;-2.4221033626700414e-05;7.980597581091705e-06;-6.268672920504876e-07;2.658779720394071e-07;-1.8680751367628304e-07;4.813329802083986e-08;6.958749369175032e-06;5.831229199896621e-07;-4.589445574993211e-07;1.2579447104015384e-08;2.9103300940583206e-08;1.8481497839590636e-08;-0.0026237446177801442;2.561570929660906e-05;-1.2807642737015167e-06;5.679117350621827e-07;2.479921038192196e-07;-1.295118694649099e-07;3.733431235493713e-07;-0.0021480779671990535;-8.282807217022704e-05;-1.4923112368285342e-05;-2.2255664798128615e-06;-1.30373262243422e-06;-6.6827851604462e-07;-4.296648599100298e-07;-3.241653308854572e-05;7.774109561716218e-07;-6.832929150474513e-07;5.2862680099853484e-08;-1.3645659125186688e-07;2.4699065923046983e-08;0.015015626507045956;-0.0015960700695904894;-5.0071959880331885e-05;-9.783074552261135e-05;-5.6354189072322966e-05;3.655080613344737e-05;4.1963469841770976e-05
-0.00010582998027592324;-8.54914134739258e-06;-1.0626406506309327e-06;-4.925941641679879e-07;-1.8609535688123338e-07;-1.3389243880416738e-07;-7.92543865166521e-08;0.0007265522714381399;0.00019176382688509215;8.225950393659182e-05;5.588308910295972e-05;2.8693208681116845e-05;3.3089258055347146e-05;-0.016189538248895588;0.0006660202622517217;5.810875295263221e-05;9.842594266718664e-05;1.7623320090766254e-05;4.851938618643161e-05;9.409990925755953e-06;-0.026522618333290827;0.00984925336206864;-0.009685170504667254;0.0028777308582510347;-0.008403443365522902;0.001040149940510041;-0.022777785251076776;-0.017908900063214637;0.011614884238730682;-0.0038082262200946843;0.008332592879097735;-0.0014178714956212825;0.011124480342527793;-0.0011318305517608463;-1.6553400932688526e-06;6.488921906847121e-08;-8.685313795465318e-08;9.564846512358493e-09;-2.039690132221736e-08;2.9886794743868614e-09;7.496186573424817e-05;-4.048824686981977e-06;3.782351116336967e-07;-3.4659924440559956e-07;6.680361205721347e-08;-8.75914745282763e-08;2.2635704842103093e-08;0.002590433197093748;-0.0008536032223553326;-0.0006323274004085733;-0.00010489140633927109;9.117460614155424e-05;-8.538242039508053e-05;0.029780009787564454;0.0009958358873131054;-0.0003924552896547104;-0.0005280442324533205;-0.00017155412819893623;7.507081734798537e-05;-4.9480316197902463e-05;9.997741688998787e-05;-1.067219382798427e-05;-2.8390264947761613e-06;6.100269413044068e-07;-5.610826305635894e-07;1.1386125833327488e-07;-1.2006064513329298e-07;-1.5252419383899342e-05;4.5023686989262864e-07;1.3332547448823684e-07;2.4067533105472434e-08;-8.772304751224007e-08;1.4939720137580653e-08;-0.012130283156268327;7.984688099223754e-05;-8.966715855065142e-07;8.547554789197627e-34;3.0905174298552724e-08;2.792762011608866e-06;8.631715155196691e-08;0.0005463235631898966;1.115637653473614e-05;-8.437262832369044e-06;-6.543293606800219e-07;-1.6804287291207227e-06;-1.2299709960830925e-07;-3.587690916492975e-07;0.0001928855344292225;-1.4013843614611366e-05;2.30420421166367e-06;-1.4590470399470743e-06;7.143138812103556e-07;-4.784339484534627e-07;-0.06116462847851164;-0.0013169434502177206;-5.422680466491748e-05;0.0006118846513221921;3.568111468633604e-06;-0.00019960214407986274;1.4711153108799141e-05
-5.601886762565933e-05;5.331724494637875e-06;-4.619124485754447e-07;3.6616552636752e-07;-1.0156112929057704e-07;9.67170506941433e-08;-3.260301336312175e-08;0.0001687564859872125;-0.00014879204283805452;7.573261260672289e-05;-3.0315554108377058e-05;3.0357211246051448e-05;-1.0996788152688063e-05;-0.0031913628300233826;-0.000547965348091136;-3.7998785537804e-05;-8.54043304821199e-05;-7.015115637350439e-07;-2.9676477017295146e-05;1.3139388207958212e-05;0.02093750403275717;-0.01373013960713026;0.004107682867558919;-0.008591586601438451;0.0015235931085824106;-0.01009335071731978;0.0002275095756420864;0.023904412823972168;-0.006113798988698651;0.009507594878050746;-0.0021046531857238987;0.008883059145163586;-0.0006759849663807082;-0.0006149640222886702;5.636187986723362e-06;-2.712233699056446e-06;3.2463467918251786e-07;-4.039706875129645e-07;7.712527341688537e-08;-1.27484241067236e-07;4.4483248091829795e-05;-7.955247422132943e-07;4.7657285333010744e-07;-6.477220500824909e-08;8.748235806542611e-08;-1.7143587056014076e-08;2.9158422733845256e-08;0.0011312311624308668;-0.0003891433814914042;0.000171920215271459;-3.0302499303696115e-05;1.8929225163580395e-05;-4.0159804739717436e-05;-0.013650179382614336;-0.0009042107368345346;0.0006003580820051692;0.0005095854420048995;0.00010001797741118171;-7.233427420728263e-05;8.040768390708734e-05;8.911593252424692e-20;6.25545129849357e-05;1.3042028710508086e-20;3.955453759334827e-06;2.6680458027860394e-21;1.1617970079307288e-06;1.1325555232066326e-22;9.346341184919057e-09;-9.820474909967128e-08;1.543717065461212e-07;3.5112951429752634e-08;-3.4629393824473344e-09;-2.9035278766443994e-09;0.003318451961011162;-2.8790628542953566e-05;-4.06798956492398e-06;4.786103096838764e-07;9.936572568919372e-07;-3.797817404774171e-08;1.423952444974948e-07;-1.263757701645733e-05;4.178069467746284e-06;-1.4017497086744217e-07;2.960309700106299e-07;-4.2374951349570744e-08;8.900144890527684e-08;-1.6328338404772853e-08;3.0133091734848864e-05;-8.034407176389934e-06;-9.33318921670891e-06;-5.39543840918632e-07;-7.216564453726256e-07;-1.3884419651683274e-07;0.01573251312362701;0.002004940125390998;0.0005069386565711217;-8.595572184373623e-05;7.769480664556442e-05;1.0996584963263783e-05;-4.905914799079924e-05
8.065651288864431e-05;-1.526328591532467e-05;2.2261369264363122e-06;-1.3111052312412463e-06;3.8744343291119955e-07;-3.644400258872971e-07;1.1966998170489523e-07;-0.0004827003552480532;-0.00012487097202770132;-5.6430315294539724e-05;-2.7182037857706883e-05;-1.8950290915190947e-05;6.916668996504957e-07;0.006755787199353889;7.880489632419824e-05;4.262294009582561e-05;4.083051107717824e-06;1.5477093697464573e-05;6.372605346946495e-06;8.048308730861907e-06;-0.0348069165083907;0.008080554169466304;-0.010006139912941794;0.002538843045509566;-0.008666153978818907;0.0008933497478725935;-0.04500300854511507;-0.01729567050604216;0.011611274836073857;-0.0037711451503380606;0.008429925607937374;-0.00140086910372284;0.011988219548648498;0.00016045250915394497;-6.538883746054471e-06;5.045666438562079e-07;-4.11505287621848e-07;7.773886601097953e-08;-9.972394586460359e-08;2.4785232927282028e-08;-8.1889776508313e-06;2.480999377370524e-06;-1.602205195661684e-07;2.1711681345012965e-07;-2.718814958221172e-08;6.146258745838823e-08;-9.017219846959058e-09;0.001696672793316007;0.0012852386236134018;0.00032607058128255575;-0.00014777387832507543;7.493179760114133e-05;0.0001365362579416471;0.004971440536576104;-0.00013911437792396214;0.0002220604417177747;-0.0001087428937903464;8.255968150802023e-06;-7.258067263953594e-06;2.91765416688214e-05;0.0001073178314478396;1.457529447557487e-05;-5.186255104012692e-06;4.729869764495556e-07;-1.4722245052809983e-07;2.2864507803186613e-09;-5.234785512464187e-08;4.612503156564751e-06;-1.2215463897606999e-06;3.457006904710383e-08;5.3115037794661533e-08;2.0568962003860463e-08;-4.3092384888394754e-08;-5.65551010548446e-05;1.27738245348494e-06;-7.814321407387145e-06;8.495927222492175e-07;-6.247226844118357e-07;6.673296800397072e-07;7.25385755824259e-08;0.0003091945944899147;-3.974219486121741e-05;-1.723933401116391e-05;-2.3210814164958e-06;-5.779133178924503e-07;-5.547982235891746e-07;-1.9937845935794392e-07;6.132364700476179e-06;-1.8170430627958477e-06;1.4520931766584294e-07;-2.489743412371272e-07;2.7483962346383143e-08;-6.423518320675344e-08;0.0010254539273657636;3.121234141865899e-05;0.0010024344346546384;-0.00015569599819442322;0.00014883233485415905;6.522376063264919e-05;-2.52574377234726e-05
-4.9736544155883045e-05;-4.854683421694581e-06;-1.2758266016306406e-06;-3.349413759712354e-07;-2.0251323364041573e-07;-1.0215030501315682e-07;-0.08103656354908693;0.0007891401331616508;0.0001572534974409235;7.345778166454595e-05;4.112598246375024e-05;3.800849665599915e-05;1.919006190080851e-05;0.005463138172161786;6.222187727576036e-05;0.0001758247037327458;2.8087879428228076e-05;5.709340700284965e-05;1.1737129299835168e-05;4.822109817218977e-05;0.0258995478349943;-0.01216916492905074;0.004362705290890853;-0.008370801506278417;0.001606747235817486;-0.010508162370982546;-0.14337116022058877;0.017280485713740346;-0.0060725622581085225;0.008868804752403802;-0.0020982214558076485;0.008882755206818612;-0.0006545702535931754;-3.3958323180979844e-05;2.5239848326772516e-07;-2.049812674564879e-07;1.7954455545690192e-08;-3.3477159788319784e-08;4.5174518090362386e-09;-1.0955043797872655e-08;-3.708605809779843e-05;1.2741237136432084e-06;-7.266071330571919e-07;1.1877924935075659e-07;-1.4342875972047466e-07;3.307268281952405e-08;-0.5114483747958041;-0.0027780759078009517;-0.0012180984834131983;-0.0001804610503249094;0.00014255551986914523;-0.00012159347352814494;-0.00013374198974306617;0.018833110792272716;-0.0013046125082435674;-0.000907561361425658;-0.00026913247264592966;0.00010190271028895453;-6.174786646337401e-05;-0.00013180108550019465;0.0001830506688392081;-1.0388332214233927e-05;-2.1449240757951398e-07;-5.595450624735217e-07;-3.743940385837681e-09;-1.9088748144910532e-07;-0.024908334304182815;2.631164175496593e-06;3.474196369272959e-07;3.9967324007466364e-08;-1.5912286104563092e-07;3.002541403759928e-08;1.326451102981401e-08;0.004753627716384577;-3.979048821474437e-05;4.100513178649329e-33;1.3120622329789493e-07;3.7232009167739134e-06;-4.397402452219883e-08;3.888874052616567e-34;-0.0001819160686535605;-3.023862955208813e-05;2.2875149535287647e-07;-1.5314007459747275e-06;4.035820681738449e-09;-5.771839893638039e-07;0.1603116279011815;7.143856857546136e-05;-5.633237394383743e-06;-5.5177482148073566e-06;1.3894220915618702e-06;-3.082343744436832e-07;3.199105373838986e-07;-0.026037006169939793;-0.001531317441000946;0.0013914216055074188;1.2262846089733164e-05;-0.0002251630274735324;-6.527515320319809e-06;0.00013919433115120046
1.785767370612823e-05;-1.515211771840121e-06;8.419389304537366e-07;-1.6329573196916606e-07;1.546883738705427e-07;-4.952098669677077e-08;0.003713447973413613;-0.00044964307944344797;0.00012155403237148804;-5.1738928261061406e-05;4.246337157506529e-05;-1.601589363349023e-05;3.058592265858677e-05;-0.006126352767482848;-0.00022713197128666074;-0.00014292546421047807;-1.1512296233376687e-05;-4.3580848771870766e-05;5.240747293597992e-06;-1.8795225970566632e-05;-0.0246116776906479;0.00668064982015655;-0.009488106298145614;0.0022450883106562626;-0.00867440238025695;0.0007535927340925713;0.2890919741742089;-0.011357586864418673;0.011586426202568374;-0.0031068557826595617;0.008540204227910684;-0.0011536790863493503;0.01315234535465458;0.00015199089807875003;-1.002502730687967e-05;7.550175464083967e-07;-7.546709763353054e-07;1.2663664151456708e-07;-1.9187003824930992e-07;4.163351850599803e-08;-5.328173295094286e-06;1.4455278458376259e-06;-1.4161670031493338e-07;1.5266542117081697e-07;-2.72778036379706e-08;4.348447804734212e-08;0.15689297265373;-0.0009747021174413154;0.0003317671106529472;-4.0447217852429605e-05;2.490366125197436e-05;-5.3574532248141305e-05;3.9044076896907686e-05;-0.015367969728743304;0.0018538629402937747;0.0008602485092709716;0.00015114494168808436;-9.342407448267538e-05;0.00010170059674025361;0.00012909342881268135;0.00023495094639731215;2.97519401823342e-20;1.323791258454102e-05;8.3894091555464e-21;1.776971871446063e-06;-1.3748111016420963e-22;-0.0010717076999726598;-2.525233583797284e-07;3.9473781743572277e-07;7.97694002949772e-08;-6.189757908979051e-09;-4.64140775128752e-09;1.6614521888425085e-08;-0.0004359429533723098;2.3101489982679686e-05;4.480377892845007e-06;1.843581997714476e-06;-1.5115693628188114e-07;1.8447142753389024e-07;2.7495854047962658e-08;3.241653393298498e-05;-7.774109561714118e-07;6.832929150474514e-07;-5.286268009985352e-08;1.36456591251867e-07;-2.4699065923031787e-08;-0.012037176955424247;4.852718278342525e-05;-2.557846296253459e-08;-1.0758693524057018e-06;-9.442766818424953e-07;-2.45351244792971e-07;-4.684983348745629e-07;0.011170051059235261;-0.00186277042752394;-0.0006075933781380312;0.00011712273624182981;3.7119280190623485e-05;-5.5442093800441964e-05;-9.775424153696278e-06
-9.105594355069966e-05;5.518527146447245e-06;-2.8854681358192993e-06;7.21999452181409e-07;-5.634270380591012e-07;1.876541821043585e-07;0.012367791458665832;-0.000352293597933093;-0.00011281078201902068;-3.861719457862643e-05;-2.7640855891916642e-05;-1.0898035104908543e-05;-1.1375373870333262e-05;-0.00016942232211540408;0.00014808004643213427;-5.22127085497783e-07;1.944200524291146e-05;6.6733237473796656e-06;9.845579666636267e-06;2.9073565655507515e-05;0.017933235561415958;-0.012790298578418067;0.003804341919082335;-0.008598768672860892;0.0014145153524481341;-0.011240027851091445;-0.18176218033742417;0.017219197470810153;-0.006018856586283605;0.008920688945315978;-0.002080208117206319;0.009157970837447273;-0.0006227832904724836;-0.0001351776001658725;1.7885026034783393e-06;-9.445892199478006e-07;1.4388613954520596e-07;-1.6296511422721775e-07;3.7194903014994e-08;-5.4154000426018294e-08;1.8865982095864315e-05;-3.996703767429082e-07;4.717554592278965e-07;-5.045486009433221e-08;9.290917841590717e-08;-1.3582573560540925e-08;0.11871505184119756;0.003189409514465344;0.0006247710778016724;-0.0002294042523996644;9.677430109232884e-05;0.00018884982750598314;7.303005837359163e-05;0.003241005909039586;0.0004028577483519031;-0.00020931113257657697;2.2951608741941608e-05;-1.4455068278136986e-05;3.891279280647649e-05;-2.860404631881489e-05;-4.641011275544606e-05;-4.84135872443282e-06;1.6231017808693968e-06;-5.202655816453302e-07;1.212404801518323e-07;-1.607935995987153e-07;-0.001322138431801427;-4.672276656065482e-06;8.806050462634766e-08;1.026959928470709e-07;4.7076327550816174e-08;-6.957750921341557e-08;3.200730213585062e-09;-0.00026257461766240924;-5.88903953875236e-06;2.762686229513002e-06;-3.453963268820899e-07;1.657880605433775e-06;6.492563069110301e-08;1.1880374797668548e-07;-9.924146155386996e-05;-1.6600880404695602e-05;-5.770303390551047e-06;-1.8949086734157933e-06;-9.758033649080373e-07;-5.644754875802568e-07;-0.0016880805334688505;-6.9355348339532724e-06;3.696092005273252e-07;-4.811918153588251e-07;6.288748099849884e-08;-1.0369797745296123e-07;1.3459176093141263e-08;-0.0025651832221435405;0.0004964425165680615;-0.0003847794078179842;6.709501381894807e-05;0.00013773286180813536;-1.9751083806925837e-05;-4.267297092627422e-05
5.527713938353378e-06;-3.597268531087224e-06;-8.949268062127704e-07;-3.880889120753521e-07;-1.4462660579984695e-07;-1.0310248151117404e-07;0.01558754704399032;0.00035214421116070875;0.00013967646237504597;6.508826885328025e-05;4.294308896386161e-05;2.5044181999686222e-05;3.699163580391128e-05;0.0010072608642140478;0.0004684761667716864;3.416509825151439e-05;8.277900036407166e-05;1.646920752459389e-05;4.265327616268379e-05;8.851669473064813e-06;-0.019049829280617825;0.007193270147180739;-0.009026441793652541;0.0023661715495649446;-0.008716196117077886;0.0007917441181704341;0.058301377352035846;-0.01141921267760508;0.010307617731096752;-0.0030940584733258783;0.00831691357572705;-0.0011432256707525693;0.014674946765689164;1.3627784944462015e-06;-6.837006518551774e-07;3.941717834085527e-08;-6.106999570714997e-08;7.295019289158718e-09;-1.6275255843326335e-08;2.479352506740106e-09;7.297504721751694e-06;-2.0069110765869936e-06;2.5400241965733575e-07;-2.4488813958449497e-07;5.155960875829911e-08;-7.260421444268806e-08;-0.11268818523161725;-0.0028750858480383933;-0.00034131757428202623;0.0002102642750270399;-0.0001605226901977583;-0.00018366178364868157;-4.057192599263858e-05;-0.006311306087279737;-0.002291494319708604;-0.0004029522276986293;0.00014372303568953464;-8.571316075383748e-05;-0.00017044900432672865;-6.930761989354785e-05;9.83318877943762e-06;7.613449504612841e-06;-2.737895875316071e-06;5.020119238857942e-07;-2.0044492449316443e-07;1.2842328192786368e-07;0.0008730213917770696;1.2724763345926033e-06;9.534825177943634e-08;-3.0087154005678376e-07;3.749947898427298e-08;2.1180614528308553e-08;5.356948565206614e-09;3.790456760362557e-05;1.8401709570310923e-33;8.601880900057984e-06;7.760921176825388e-06;2.5339308922488884e-07;-2.0739062672353923e-34;-1.2947921060676243e-07;2.9740868642277617e-05;-8.034407176389957e-06;-8.216620814391221e-06;-5.395438409186373e-07;-5.75541313729444e-07;-1.38844196516833e-07;-0.0011637432972313572;-1.611606809949982e-05;1.421046913812202e-05;1.9898249344352183e-06;-9.788722163085562e-07;5.700752543449342e-07;-4.186967668079869e-07;0.0006250728390902521;0.002634606954053825;0.0006147870329208862;-0.0003840110340287145;3.204132917006915e-05;0.00017666133620773791;-2.349102160220952e-05
-7.0609905098694505e-06;2.140322636462789e-06;-3.3505274638205043e-07;2.8675057475002974e-07;-7.453571598852404e-08;7.955879955641061e-08;-0.014113997253249732;0.00017933386282370338;-9.009615062357415e-05;5.244699620198343e-05;-2.457994881234242e-05;3.1291310136602186e-05;-9.679833853069694e-06;-0.00016682697679084663;-0.0003524383258161123;-3.015744842444111e-05;-6.333681904429065e-05;-1.341948356481572e-06;-2.560579982948147e-05;6.268131246238774e-05;0.012978888043696938;-0.011638900762777337;0.0033244883933395714;-0.00843677125284223;0.0012417487933443975;-0.011990418162213018;-0.03107691946081607;0.01698432953600769;-0.004760364011328167;0.00897530110859837;-0.0017374895059935015;0.009478469931246921;-0.00043416309507490964;-0.00011230044824738725;2.4540052994286287e-06;-1.665338610606271e-06;2.292536283400586e-07;-3.0887496121334884e-07;6.18788433685389e-08;-1.0573318891746683e-07;8.871780945765726e-06;-3.7857372806154134e-07;3.1117127547665023e-07;-4.801934629246798e-08;6.698062475054442e-08;-1.3954541990522232e-08;0.006227096428141307;0.0009084677285707422;-9.610411485774623e-05;4.613410899784137e-05;-7.761167445869518e-05;5.1508437112088145e-05;-1.1664615299855082e-05;0.00617133514432629;0.0021512563329789338;0.00022545368920737127;-0.0001383553169000625;0.00014038997699179258;0.00016699161871912827;4.029375751829852e-05;3.710753504882207e-20;4.767519126744898e-06;-3.400766580187707e-21;3.675705135466137e-06;3.0714529604083187e-21;8.437989639765882e-07;1.5968047946286366e-05;1.744250048083054e-06;1.6508788320035318e-07;-9.900708223545322e-09;-8.45741675728111e-09;2.5592545956428573e-08;8.537924184372367e-09;-9.655538606549915e-05;8.072293173293205e-06;1.5161183291296364e-05;-2.679954366106703e-07;1.4506690782678297e-07;1.304155842899351e-09;1.554322983931851e-07;-6.132364701911709e-06;1.8170430627958502e-06;-1.4520931766584283e-07;2.4897434123712715e-07;-2.7483962346364138e-08;6.423518320675338e-08;-0.00010705656069229554;-7.689027784622326e-06;1.4803689364042555e-05;-2.9964719897046865e-06;-1.1834937516086007e-06;-8.225373769415793e-07;-1.3741929514408698e-07;0.003538739301280912;-0.0007396624938098951;0.0007409151874081252;5.402400175298156e-05;-3.721885910578719e-05;-4.06298369506147e-07;1.898963759632382e-05
